Entity,Code,Year,"UIS: Mean years of schooling (ISCED 1 or higher), population 25+ years, male"
Afghanistan,AFG,1975,1.18291
Afghanistan,AFG,1979,1.48672
Albania,ALB,2001,9.32291
Albania,ALB,2008,9.70867
Albania,ALB,2011,10.33097
Albania,ALB,2012,10.36471
Algeria,DZA,1971,1.66481
Algeria,DZA,2008,8.22392
Andorra,AND,2003,10.11029
Andorra,AND,2004,10.59517
Andorra,AND,2005,9.96462
Andorra,AND,2006,10.22823
Andorra,AND,2014,10.64441
Andorra,AND,2015,10.57635
Andorra,AND,2016,10.56401
Angola,AGO,2014,4.95799
Argentina,ARG,1970,6.23799
Argentina,ARG,1980,6.72253
Argentina,ARG,1991,8.13223
Argentina,ARG,2001,8.66949
Argentina,ARG,2003,9.72346
Argentina,ARG,2006,10.20164
Argentina,ARG,2008,10.39876
Argentina,ARG,2009,10.49547
Argentina,ARG,2010,10.59208
Argentina,ARG,2011,10.69722
Argentina,ARG,2012,10.68659
Argentina,ARG,2013,10.82681
Argentina,ARG,2014,10.80168
Argentina,ARG,2015,10.80888
Argentina,ARG,2016,10.83777
Argentina,ARG,2018,10.94502
Armenia,ARM,2001,10.57222
Armenia,ARM,2011,11.31423
Armenia,ARM,2015,11.69459
Armenia,ARM,2017,11.30585
Aruba,ABW,1991,6.95676
Aruba,ABW,2000,8.93753
Aruba,ABW,2010,8.47793
Australia,AUS,1971,10.37592
Australia,AUS,2004,11.93582
Australia,AUS,2005,11.96301
Australia,AUS,2006,12.01275
Australia,AUS,2007,12.09753
Australia,AUS,2008,12.26727
Australia,AUS,2009,12.31448
Australia,AUS,2010,12.34035
Australia,AUS,2011,12.39005
Australia,AUS,2012,12.61996
Australia,AUS,2013,12.01944
Australia,AUS,2014,12.22585
Australia,AUS,2015,12.28096
Australia,AUS,2016,12.37546
Australia,AUS,2017,12.32045
Australia,AUS,2018,12.43492
Austria,AUT,1971,10.31135
Austria,AUT,1981,9.57839
Austria,AUT,2005,12.01947
Austria,AUT,2007,12.06237
Austria,AUT,2008,12.09947
Austria,AUT,2009,12.14536
Austria,AUT,2010,12.15625
Austria,AUT,2011,12.16122
Austria,AUT,2012,12.19072
Austria,AUT,2013,12.20025
Austria,AUT,2014,12.42884
Austria,AUT,2015,12.46493
Austria,AUT,2016,12.47828
Austria,AUT,2017,12.49718
Azerbaijan,AZE,1999,10.41692
Azerbaijan,AZE,2007,10.79378
Azerbaijan,AZE,2008,10.80137
Azerbaijan,AZE,2009,10.8049
Azerbaijan,AZE,2010,10.79917
Azerbaijan,AZE,2011,10.79847
Azerbaijan,AZE,2012,10.80682
Azerbaijan,AZE,2013,10.81234
Azerbaijan,AZE,2014,10.81629
Azerbaijan,AZE,2015,10.81695
Azerbaijan,AZE,2016,10.8936
Azerbaijan,AZE,2017,10.8944
Bahamas,BHS,1990,9.42157
Bahamas,BHS,2000,10.80504
Bahamas,BHS,2010,11.71435
Bahrain,BHR,1971,2.44768
Bahrain,BHR,1991,5.37726
Bahrain,BHR,2001,9.13532
Bahrain,BHR,2010,8.03948
Bahrain,BHR,2016,9.44099
Bahrain,BHR,2017,9.72027
Bahrain,BHR,2018,10.52958
Bangladesh,BGD,1974,2.07603
Bangladesh,BGD,1981,3.07659
Bangladesh,BGD,2001,5.00275
Bangladesh,BGD,2011,6.00875
Bangladesh,BGD,2012,6.08224
Bangladesh,BGD,2013,5.74734
Bangladesh,BGD,2014,5.80048
Bangladesh,BGD,2015,6.63524
Bangladesh,BGD,2016,6.78132
Bangladesh,BGD,2017,6.90503
Bangladesh,BGD,2018,6.99896
Bangladesh,BGD,2019,7.14094
Barbados,BRB,1970,8.64008
Barbados,BRB,2000,8.90166
Belarus,BLR,1970,6.79817
Belarus,BLR,1989,7.66706
Belarus,BLR,2009,11.48874
Belgium,BEL,1970,7.7577
Belgium,BEL,2006,11.28237
Belgium,BEL,2008,11.4472
Belgium,BEL,2009,11.55278
Belgium,BEL,2010,11.61493
Belgium,BEL,2011,11.6566
Belgium,BEL,2012,11.68096
Belgium,BEL,2013,11.86654
Belgium,BEL,2014,11.99596
Belgium,BEL,2015,12.19611
Belgium,BEL,2016,12.28219
Belgium,BEL,2017,12.5176
Belize,BLZ,1970,4.72156
Belize,BLZ,1980,5.14424
Belize,BLZ,1991,5.69185
Belize,BLZ,2005,7.6684
Belize,BLZ,2010,10.49129
Benin,BEN,1979,1.039
Benin,BEN,2002,3.57666
Bermuda,BMU,1970,8.52911
Bermuda,BMU,1991,10.88448
Bermuda,BMU,2000,12.74159
Bermuda,BMU,2010,10.37681
Bermuda,BMU,2016,12.12384
Bhutan,BTN,2012,2.98856
Bhutan,BTN,2017,4.79342
Bolivia,BOL,1976,4.93921
Bolivia,BOL,1992,7.37612
Bolivia,BOL,2001,8.34545
Bolivia,BOL,2006,7.80086
Bolivia,BOL,2008,8.16595
Bolivia,BOL,2009,8.47627
Bolivia,BOL,2012,8.64632
Bolivia,BOL,2015,9.42212
Bosnia and Herzegovina,BIH,2010,8.17594
Bosnia and Herzegovina,BIH,2011,8.28774
Bosnia and Herzegovina,BIH,2014,10.23194
Bosnia and Herzegovina,BIH,2015,10.24624
Bosnia and Herzegovina,BIH,2016,10.86624
Bosnia and Herzegovina,BIH,2018,10.85816
Botswana,BWA,1971,1.36596
Brazil,BRA,1970,2.72706
Brazil,BRA,1976,2.6628
Brazil,BRA,1980,2.7923
Brazil,BRA,2004,5.92829
Brazil,BRA,2006,6.25586
Brazil,BRA,2007,6.43248
Brazil,BRA,2008,6.59531
Brazil,BRA,2009,6.69225
Brazil,BRA,2010,7.46755
Brazil,BRA,2011,6.89803
Brazil,BRA,2012,7.09856
Brazil,BRA,2013,7.14963
Brazil,BRA,2014,7.23203
Brazil,BRA,2015,7.36825
Brazil,BRA,2016,7.52919
Brazil,BRA,2017,7.62422
Brazil,BRA,2018,7.74927
British Virgin Islands,VGB,1980,7.33336
British Virgin Islands,VGB,1991,8.54176
Brunei,BRN,1971,5.02625
Brunei,BRN,1981,7.59172
Brunei,BRN,2011,11.78021
Bulgaria,BGR,1975,4.94454
Bulgaria,BGR,1992,7.50088
Bulgaria,BGR,2001,10.20855
Bulgaria,BGR,2006,10.53948
Bulgaria,BGR,2007,10.6667
Bulgaria,BGR,2008,10.69547
Bulgaria,BGR,2009,10.72627
Bulgaria,BGR,2010,10.7815
Bulgaria,BGR,2011,10.84131
Bulgaria,BGR,2012,10.94082
Bulgaria,BGR,2013,11.03837
Bulgaria,BGR,2014,11.05104
Bulgaria,BGR,2015,11.17374
Bulgaria,BGR,2016,11.20975
Bulgaria,BGR,2017,11.23978
Burkina Faso,BFA,2006,1.87264
Burkina Faso,BFA,2007,0.86775
Burkina Faso,BFA,2014,1.88431
Burundi,BDI,1990,2.17978
Burundi,BDI,2008,2.90648
Burundi,BDI,2014,2.5364
Burundi,BDI,2017,3.45818
Cambodia,KHM,2007,5.03987
Cambodia,KHM,2008,4.93125
Cambodia,KHM,2009,5.02176
Cambodia,KHM,2014,4.56417
Cambodia,KHM,2015,4.76645
Cameroon,CMR,1976,2.53763
Cameroon,CMR,2010,6.6162
Canada,CAN,1976,9.91321
Canada,CAN,1981,10.02318
Canada,CAN,1986,10.39922
Canada,CAN,1991,10.81619
Canada,CAN,2001,12.41921
Canada,CAN,2006,13.01757
Canada,CAN,2011,13.20592
Canada,CAN,2016,13.25971
Cape Verde,CPV,2015,6.13935
Cayman Islands,CYM,1970,5.9768
Cayman Islands,CYM,1989,8.84621
Cayman Islands,CYM,2004,11.22451
Cayman Islands,CYM,2005,11.71655
Cayman Islands,CYM,2006,11.5664
Cayman Islands,CYM,2007,12.81397
Cayman Islands,CYM,2008,12.80974
Cayman Islands,CYM,2014,13.67883
Cayman Islands,CYM,2015,13.39136
Central African Republic,CAF,1975,2.87398
Central African Republic,CAF,1988,3.15241
Chad,TCD,2004,2.20774
Chad,TCD,2009,2.69185
Chile,CHL,1970,5.97941
Chile,CHL,1982,6.5373
Chile,CHL,2004,9.76223
Chile,CHL,2007,9.89482
Chile,CHL,2008,10.25715
Chile,CHL,2010,9.96788
Chile,CHL,2011,9.72013
Chile,CHL,2013,10.63009
Chile,CHL,2015,10.41543
Chile,CHL,2017,10.7104
China,CHN,1982,4.82959
China,CHN,2000,6.56547
China,CHN,2010,7.19333
Colombia,COL,2004,7.16038
Colombia,COL,2005,7.3422
Colombia,COL,2006,6.82745
Colombia,COL,2007,7.15081
Colombia,COL,2008,7.29205
Colombia,COL,2009,7.17478
Colombia,COL,2010,7.33009
Colombia,COL,2011,7.44012
Colombia,COL,2012,7.54225
Colombia,COL,2013,7.70563
Colombia,COL,2014,7.85184
Colombia,COL,2015,7.914
Colombia,COL,2016,8.06313
Colombia,COL,2018,8.30178
Congo,COG,1984,4.58559
Cook Islands,COK,1971,5.8593
Cook Islands,COK,2006,9.97867
Costa Rica,CRI,1973,4.61811
Costa Rica,CRI,2007,8.14257
Costa Rica,CRI,2008,8.41093
Costa Rica,CRI,2009,8.50611
Costa Rica,CRI,2010,8.32439
Costa Rica,CRI,2011,8.44503
Costa Rica,CRI,2012,8.5079
Costa Rica,CRI,2014,8.77252
Costa Rica,CRI,2015,8.51083
Costa Rica,CRI,2016,8.49678
Costa Rica,CRI,2018,8.61567
Cote d'Ivoire,CIV,1988,6.66407
Cote d'Ivoire,CIV,1998,7.19528
Cote d'Ivoire,CIV,2014,5.20618
Croatia,HRV,1991,7.375
Croatia,HRV,2001,10.84397
Croatia,HRV,2011,11.75478
Cuba,CUB,2002,10.12693
Cuba,CUB,2012,11.54363
Cyprus,CYP,1992,9.3779
Cyprus,CYP,2004,10.99984
Cyprus,CYP,2005,11.10611
Cyprus,CYP,2006,11.3272
Cyprus,CYP,2007,11.59772
Cyprus,CYP,2008,11.67859
Cyprus,CYP,2009,11.66107
Cyprus,CYP,2010,11.83545
Cyprus,CYP,2011,11.91828
Cyprus,CYP,2012,12.10016
Cyprus,CYP,2013,12.30245
Cyprus,CYP,2014,12.11058
Cyprus,CYP,2015,12.09213
Cyprus,CYP,2016,12.26718
Cyprus,CYP,2018,12.42867
Czechia,CZE,1991,7.46006
Czechia,CZE,2006,12.52907
Czechia,CZE,2007,12.53813
Czechia,CZE,2008,12.56437
Czechia,CZE,2009,12.64197
Czechia,CZE,2010,12.7281
Czechia,CZE,2011,12.78345
Czechia,CZE,2012,12.79806
Czechia,CZE,2013,12.85533
Czechia,CZE,2014,12.89269
Czechia,CZE,2015,12.89289
Czechia,CZE,2016,12.95543
Czechia,CZE,2017,13.0049
Democratic Republic of Congo,COD,1984,4.62732
Democratic Republic of Congo,COD,2013,7.67626
Democratic Republic of Congo,COD,2016,8.37484
Denmark,DNK,1991,11.65156
Denmark,DNK,1994,11.73831
Denmark,DNK,1995,11.82047
Denmark,DNK,2003,12.98901
Denmark,DNK,2004,12.8762
Denmark,DNK,2007,12.70219
Denmark,DNK,2008,12.71513
Denmark,DNK,2009,12.35178
Denmark,DNK,2010,12.51088
Denmark,DNK,2011,12.49443
Denmark,DNK,2012,12.66725
Denmark,DNK,2013,12.20739
Denmark,DNK,2014,12.63642
Denmark,DNK,2015,12.47054
Denmark,DNK,2016,12.6494
Denmark,DNK,2018,12.64724
Dominica,DMA,1970,5.33809
Dominica,DMA,1981,5.86919
Dominica,DMA,2001,7.63375
Dominican Republic,DOM,1970,3.1162
Dominican Republic,DOM,2007,7.46454
Dominican Republic,DOM,2010,7.15105
Dominican Republic,DOM,2011,7.2193
Dominican Republic,DOM,2012,7.27231
Dominican Republic,DOM,2013,7.39614
Dominican Republic,DOM,2014,7.51413
Dominican Republic,DOM,2015,7.50783
Dominican Republic,DOM,2016,8.76437
Ecuador,ECU,1974,4.49181
Ecuador,ECU,1982,5.89221
Ecuador,ECU,1990,8.12754
Ecuador,ECU,2007,7.8825
Ecuador,ECU,2008,7.86353
Ecuador,ECU,2009,7.88194
Ecuador,ECU,2010,7.99968
Ecuador,ECU,2011,8.05257
Ecuador,ECU,2012,8.23151
Ecuador,ECU,2013,8.40027
Ecuador,ECU,2014,8.45845
Ecuador,ECU,2015,8.77378
Ecuador,ECU,2016,8.74512
Ecuador,ECU,2017,8.81634
Egypt,EGY,1986,4.38511
Egypt,EGY,2006,7.68153
Egypt,EGY,2017,9.12329
El Salvador,SLV,1992,4.40628
El Salvador,SLV,2006,6.54327
El Salvador,SLV,2007,6.05664
El Salvador,SLV,2008,6.71409
El Salvador,SLV,2009,6.71644
El Salvador,SLV,2010,6.68282
El Salvador,SLV,2011,6.8239
El Salvador,SLV,2012,7.02537
El Salvador,SLV,2013,6.83256
El Salvador,SLV,2016,7.17655
El Salvador,SLV,2017,7.27203
Estonia,EST,1989,8.86077
Estonia,EST,2000,12.06322
Estonia,EST,2006,13.39438
Estonia,EST,2007,13.4011
Estonia,EST,2008,13.37471
Estonia,EST,2009,13.35181
Estonia,EST,2010,13.3565
Estonia,EST,2011,13.42878
Estonia,EST,2012,13.50317
Estonia,EST,2013,13.55092
Estonia,EST,2014,13.34502
Estonia,EST,2015,13.41
Estonia,EST,2016,13.46562
Estonia,EST,2017,13.49168
Estonia,EST,2018,13.55174
Eswatini,SWZ,1976,3.30746
Eswatini,SWZ,1986,3.77551
Ethiopia,ETH,2007,2.8281
Ethiopia,ETH,2011,3.25822
Fiji,FJI,1976,4.89242
Fiji,FJI,1986,6.4414
Fiji,FJI,1996,8.00874
Fiji,FJI,2007,9.30318
Fiji,FJI,2017,10.80757
Finland,FIN,1985,9.0985
Finland,FIN,1990,9.44821
Finland,FIN,2003,12.43857
Finland,FIN,2005,12.51764
Finland,FIN,2006,12.55799
Finland,FIN,2007,12.5932
Finland,FIN,2008,12.63468
Finland,FIN,2009,12.67271
Finland,FIN,2010,12.7145
Finland,FIN,2011,12.74866
Finland,FIN,2012,12.64911
Finland,FIN,2013,12.49835
Finland,FIN,2014,12.53882
Finland,FIN,2015,12.5604
Finland,FIN,2017,12.64766
France,FRA,1990,7.92617
France,FRA,2004,10.63799
France,FRA,2005,10.71349
France,FRA,2007,10.9362
France,FRA,2008,11.00994
France,FRA,2009,10.8513
France,FRA,2010,11.15071
France,FRA,2011,11.20989
France,FRA,2012,11.28227
France,FRA,2013,11.44742
France,FRA,2014,11.56975
France,FRA,2015,11.64419
France,FRA,2016,11.67269
France,FRA,2017,11.71352
French Polynesia,PYF,2007,9.95862
Gambia,GMB,1973,0.67129
Georgia,GEO,2002,12.09392
Georgia,GEO,2012,12.5966
Georgia,GEO,2014,12.64625
Georgia,GEO,2016,12.79919
Georgia,GEO,2017,12.84767
Germany,DEU,2004,14.32389
Germany,DEU,2005,14.24209
Germany,DEU,2006,14.14577
Germany,DEU,2007,14.20826
Germany,DEU,2008,14.79045
Germany,DEU,2009,14.33932
Germany,DEU,2010,14.35093
Germany,DEU,2011,14.38992
Germany,DEU,2012,14.4193
Germany,DEU,2013,14.42337
Germany,DEU,2014,14.46883
Germany,DEU,2015,14.48918
Germany,DEU,2016,14.51569
Germany,DEU,2018,14.36165
Ghana,GHA,1970,3.20781
Ghana,GHA,2010,8.73488
Greece,GRC,1981,7.49375
Greece,GRC,2005,10.3687
Greece,GRC,2006,10.55328
Greece,GRC,2007,10.59918
Greece,GRC,2008,10.63501
Greece,GRC,2010,10.67211
Greece,GRC,2014,10.91194
Greece,GRC,2015,11.01383
Greece,GRC,2016,10.57899
Greenland,GRL,2012,10.56585
Greenland,GRL,2014,10.58203
Greenland,GRL,2015,10.58675
Greenland,GRL,2018,10.6567
Grenada,GRD,1970,5.65475
Grenada,GRD,1981,5.9095
Guatemala,GTM,2002,4.38007
Guatemala,GTM,2006,4.26205
Guatemala,GTM,2012,5.44081
Guatemala,GTM,2013,5.42345
Guatemala,GTM,2014,6.68453
Guinea,GIN,1996,2.17669
Guinea,GIN,2010,2.6659
Guinea,GIN,2014,2.92915
Guyana,GUY,1970,4.89037
Guyana,GUY,1980,5.61404
Guyana,GUY,2002,6.04479
Haiti,HTI,1971,1.17685
Haiti,HTI,1982,1.91097
Honduras,HND,1974,2.34161
Honduras,HND,2007,4.94463
Honduras,HND,2011,5.55114
Honduras,HND,2012,5.47932
Honduras,HND,2014,6.10895
Honduras,HND,2015,6.1782
Honduras,HND,2016,6.51738
Honduras,HND,2018,6.19548
Hong Kong,HKG,1971,6.87678
Hong Kong,HKG,1976,7.11838
Hong Kong,HKG,1981,8.10038
Hong Kong,HKG,1986,8.61084
Hong Kong,HKG,1991,9.36903
Hong Kong,HKG,1996,10.62854
Hong Kong,HKG,2006,11.61399
Hong Kong,HKG,2008,11.80772
Hong Kong,HKG,2009,11.89872
Hong Kong,HKG,2010,11.96465
Hong Kong,HKG,2011,12.18772
Hong Kong,HKG,2014,12.42574
Hong Kong,HKG,2015,12.57577
Hong Kong,HKG,2017,12.74265
Hungary,HUN,1970,8.10501
Hungary,HUN,1980,9.32337
Hungary,HUN,1990,10.40225
Hungary,HUN,2001,10.78919
Hungary,HUN,2005,11.32347
Hungary,HUN,2009,12.24005
Hungary,HUN,2010,12.30203
Hungary,HUN,2011,12.08757
Hungary,HUN,2012,11.97776
Hungary,HUN,2013,12.20229
Hungary,HUN,2014,12.10653
Hungary,HUN,2015,12.16642
Hungary,HUN,2016,12.21046
India,IND,1971,2.15028
India,IND,1981,3.20488
India,IND,2011,6.54894
Indonesia,IDN,1971,3.18006
Indonesia,IDN,1980,3.97997
Indonesia,IDN,1990,4.11285
Indonesia,IDN,2006,7.943
Indonesia,IDN,2007,7.72073
Indonesia,IDN,2008,7.69248
Indonesia,IDN,2009,7.96533
Indonesia,IDN,2011,8.09731
Indonesia,IDN,2014,8.28227
Indonesia,IDN,2015,8.39058
Indonesia,IDN,2016,8.39674
Indonesia,IDN,2018,8.57777
Iran,IRN,2006,10.2707
Iran,IRN,2008,9.73111
Iran,IRN,2010,10.01453
Iran,IRN,2012,10.0505
Iran,IRN,2013,10.17806
Iran,IRN,2014,10.23494
Iran,IRN,2016,10.40977
Iraq,IRQ,2013,8.3507
Ireland,IRL,1971,7.51178
Ireland,IRL,1981,8.33554
Ireland,IRL,1991,7.15466
Ireland,IRL,2007,10.27978
Ireland,IRL,2010,11.44232
Ireland,IRL,2011,10.87259
Ireland,IRL,2017,11.29422
Israel,ISR,1972,8.0791
Israel,ISR,1982,9.71747
Israel,ISR,1983,8.79817
Israel,ISR,2004,12.38437
Israel,ISR,2006,11.66929
Israel,ISR,2007,12.607
Israel,ISR,2009,12.66731
Israel,ISR,2010,12.71695
Israel,ISR,2011,12.83234
Israel,ISR,2012,12.90442
Israel,ISR,2013,12.88746
Israel,ISR,2014,12.9883
Israel,ISR,2015,13.02647
Italy,ITA,1971,5.80274
Italy,ITA,1981,5.97535
Italy,ITA,2001,9.12658
Italy,ITA,2005,9.57547
Italy,ITA,2006,9.6714
Italy,ITA,2007,9.77841
Italy,ITA,2008,9.86935
Italy,ITA,2009,9.94725
Italy,ITA,2010,10.02527
Italy,ITA,2011,10.07531
Italy,ITA,2012,10.17135
Italy,ITA,2014,10.34432
Italy,ITA,2015,10.40475
Jamaica,JAM,1970,4.12559
Jamaica,JAM,1982,4.76695
Jamaica,JAM,1991,6.68335
Jamaica,JAM,2011,8.56486
Japan,JPN,1970,10.05432
Japan,JPN,1980,10.97098
Japan,JPN,1990,10.21542
Japan,JPN,2010,12.72136
Jordan,JOR,2003,6.60764
Jordan,JOR,2008,10.30858
Jordan,JOR,2010,10.37133
Kazakhstan,KAZ,1989,7.66412
Kazakhstan,KAZ,1999,9.66505
Kazakhstan,KAZ,2007,11.4513
Kazakhstan,KAZ,2009,10.99788
Kazakhstan,KAZ,2018,12.17751
Kenya,KEN,1979,3.60699
Kenya,KEN,2009,7.09812
Kenya,KEN,2010,6.16129
Kiribati,KIR,1978,5.99733
Kuwait,KWT,1970,3.42338
Kuwait,KWT,1975,4.30822
Kuwait,KWT,1980,5.42447
Kuwait,KWT,1985,6.05679
Kuwait,KWT,1988,5.93882
Kuwait,KWT,2005,5.54727
Kuwait,KWT,2006,5.92492
Kuwait,KWT,2007,6.03633
Kuwait,KWT,2008,6.18143
Kuwait,KWT,2012,7.25577
Kuwait,KWT,2013,6.34952
Kuwait,KWT,2015,6.95754
Kuwait,KWT,2017,6.82775
Kuwait,KWT,2018,6.83248
Kyrgyzstan,KGZ,1999,10.29292
Kyrgyzstan,KGZ,2009,10.92942
Latvia,LVA,1989,8.38192
Latvia,LVA,2004,11.99363
Latvia,LVA,2005,12.0502
Latvia,LVA,2006,11.98449
Latvia,LVA,2007,11.94962
Latvia,LVA,2008,12.08839
Latvia,LVA,2009,12.15193
Latvia,LVA,2010,12.28292
Latvia,LVA,2011,12.28574
Latvia,LVA,2012,12.37483
Latvia,LVA,2013,12.6017
Latvia,LVA,2014,12.53762
Latvia,LVA,2015,12.52044
Latvia,LVA,2016,12.58565
Latvia,LVA,2018,12.59518
Lebanon,LBN,1970,3.7531
Lebanon,LBN,2007,8.36675
Lesotho,LSO,1976,2.73002
Lesotho,LSO,2006,5.17572
Lesotho,LSO,2008,4.93277
Liberia,LBR,1974,1.8335
Libya,LBY,1984,3.96319
Liechtenstein,LIE,1970,5.74336
Liechtenstein,LIE,2000,11.66088
Lithuania,LTU,1989,9.24644
Lithuania,LTU,2005,12.09948
Lithuania,LTU,2006,12.13731
Lithuania,LTU,2007,12.3035
Lithuania,LTU,2008,12.41624
Lithuania,LTU,2009,12.3866
Lithuania,LTU,2010,12.48934
Lithuania,LTU,2011,12.60826
Lithuania,LTU,2012,12.57865
Lithuania,LTU,2013,12.76386
Lithuania,LTU,2014,12.90932
Lithuania,LTU,2015,13.048
Lithuania,LTU,2016,13.12993
Lithuania,LTU,2017,13.20145
Luxembourg,LUX,1991,9.40667
Luxembourg,LUX,2001,10.62365
Luxembourg,LUX,2003,11.86389
Luxembourg,LUX,2007,12.02443
Luxembourg,LUX,2009,14.25052
Luxembourg,LUX,2010,14.26693
Luxembourg,LUX,2011,14.22013
Luxembourg,LUX,2012,14.34183
Luxembourg,LUX,2013,14.4366
Luxembourg,LUX,2014,14.66108
Luxembourg,LUX,2015,13.65788
Macao,MAC,1970,4.88987
Macao,MAC,1991,8.08276
Macao,MAC,2001,9.14395
Macao,MAC,2006,9.24216
Macao,MAC,2011,10.09496
Macao,MAC,2016,10.76168
Malawi,MWI,1977,2.35511
Malawi,MWI,1987,2.89443
Malawi,MWI,1998,3.57721
Malaysia,MYS,1980,4.93458
Malaysia,MYS,1996,8.05427
Malaysia,MYS,2000,9.0399
Malaysia,MYS,2005,8.09131
Malaysia,MYS,2009,10.1072
Malaysia,MYS,2010,10.22318
Malaysia,MYS,2016,10.47029
Maldives,MDV,2006,4.04992
Mali,MLI,1976,0.38543
Mali,MLI,2006,1.44563
Mali,MLI,2011,2.73466
Mali,MLI,2015,2.18912
Mali,MLI,2016,2.08614
Mali,MLI,2018,2.56047
Malta,MLT,2000,8.21051
Malta,MLT,2005,10.28057
Malta,MLT,2007,10.32483
Malta,MLT,2010,10.73855
Malta,MLT,2011,10.95521
Malta,MLT,2012,11.23473
Malta,MLT,2013,11.43225
Malta,MLT,2014,11.50648
Malta,MLT,2015,11.56624
Malta,MLT,2016,11.59871
Marshall Islands,MHL,2011,11.06208
Mauritania,MRT,1988,3.19207
Mauritius,MUS,1972,4.49019
Mauritius,MUS,1983,6.07431
Mauritius,MUS,1990,6.65058
Mauritius,MUS,2000,7.01567
Mauritius,MUS,2011,9.10405
Mexico,MEX,1980,4.58738
Mexico,MEX,1990,6.52127
Mexico,MEX,2000,7.18858
Mexico,MEX,2004,7.84519
Mexico,MEX,2005,7.9072
Mexico,MEX,2006,8.44695
Mexico,MEX,2007,8.4313
Mexico,MEX,2008,8.47221
Mexico,MEX,2009,8.65418
Mexico,MEX,2010,8.25287
Mexico,MEX,2012,8.94293
Mexico,MEX,2013,8.60963
Mexico,MEX,2014,8.62111
Mexico,MEX,2015,8.83491
Mexico,MEX,2016,8.81579
Mexico,MEX,2017,8.94763
Mexico,MEX,2018,9.12553
Moldova,MDA,1989,8.7376
Moldova,MDA,2007,11.03333
Moldova,MDA,2008,11.10714
Moldova,MDA,2009,11.16687
Moldova,MDA,2010,11.18751
Moldova,MDA,2011,11.27009
Moldova,MDA,2012,11.6186
Moldova,MDA,2013,11.66489
Moldova,MDA,2014,11.68495
Moldova,MDA,2015,11.63766
Monaco,MCO,1975,9.35645
Mongolia,MNG,2000,9.30905
Mongolia,MNG,2010,9.82079
Montenegro,MNE,2003,11.42859
Montenegro,MNE,2011,12.01108
Montserrat,MSR,1970,5.99564
Montserrat,MSR,1980,6.3768
Mozambique,MOZ,1980,1.37825
Mozambique,MOZ,2011,3.3916
Mozambique,MOZ,2015,3.57598
Mozambique,MOZ,2017,3.89142
Myanmar,MMR,1973,1.75055
Myanmar,MMR,1983,3.39382
Namibia,NAM,2001,5.95578
Nepal,NPL,1971,0.45314
Nepal,NPL,1981,1.04026
Nepal,NPL,2001,4.76054
Nepal,NPL,2011,4.91764
Netherlands,NLD,1971,8.76835
Netherlands,NLD,2004,12.35863
Netherlands,NLD,2005,12.24544
Netherlands,NLD,2007,12.40453
Netherlands,NLD,2008,12.30768
Netherlands,NLD,2009,12.31782
Netherlands,NLD,2010,12.39005
Netherlands,NLD,2011,12.32065
Netherlands,NLD,2012,12.40837
Netherlands,NLD,2013,12.51445
Netherlands,NLD,2014,12.53222
Netherlands,NLD,2015,12.55748
Netherlands,NLD,2016,12.57889
Netherlands,NLD,2018,12.66969
New Zealand,NZL,1981,10.22347
New Zealand,NZL,1991,11.86847
New Zealand,NZL,2001,13.46109
New Zealand,NZL,2006,13.44859
New Zealand,NZL,2011,12.98052
New Zealand,NZL,2012,12.94725
New Zealand,NZL,2014,13.40257
New Zealand,NZL,2015,13.33712
New Zealand,NZL,2016,13.1737
Niger,NER,1977,0.80112
Niger,NER,2012,2.29803
Nigeria,NGA,2006,9.00184
Niue,NIU,1976,6.19171
North Macedonia,MKD,2002,7.89778
Norway,NOR,1970,8.67016
Norway,NOR,1975,9.60916
Norway,NOR,1980,9.99352
Norway,NOR,1990,11.5334
Norway,NOR,2004,12.29657
Norway,NOR,2005,12.34629
Norway,NOR,2006,12.39769
Norway,NOR,2007,12.425
Norway,NOR,2008,12.46559
Norway,NOR,2009,12.48321
Norway,NOR,2010,12.51506
Norway,NOR,2011,12.55559
Norway,NOR,2014,12.66079
Norway,NOR,2015,12.70434
Norway,NOR,2016,12.73443
Norway,NOR,2017,12.84495
Oman,OMN,2003,6.8952
Oman,OMN,2008,8.50138
Oman,OMN,2010,8.15274
Oman,OMN,2015,9.2584
Pakistan,PAK,1972,2.49466
Pakistan,PAK,1981,2.56307
Pakistan,PAK,2005,4.01512
Pakistan,PAK,2006,6.10841
Pakistan,PAK,2008,5.9221
Pakistan,PAK,2009,6.03244
Pakistan,PAK,2010,6.17482
Pakistan,PAK,2011,6.32866
Pakistan,PAK,2012,6.18099
Pakistan,PAK,2013,6.27407
Pakistan,PAK,2014,6.46023
Pakistan,PAK,2016,6.37527
Pakistan,PAK,2017,6.25061
Palau,PLW,2013,12.8442
Palestine,PSE,2004,8.65451
Palestine,PSE,2006,8.7003
Palestine,PSE,2007,8.82777
Palestine,PSE,2008,8.85406
Palestine,PSE,2009,9.1703
Palestine,PSE,2010,9.16625
Palestine,PSE,2011,9.36727
Palestine,PSE,2012,9.5517
Palestine,PSE,2013,9.26456
Palestine,PSE,2014,9.28541
Palestine,PSE,2015,9.37948
Palestine,PSE,2016,9.37827
Palestine,PSE,2018,9.63667
Panama,PAN,1980,6.04291
Panama,PAN,1990,7.43561
Panama,PAN,2000,7.82436
Panama,PAN,2010,9.0631
Paraguay,PRY,1972,4.16872
Paraguay,PRY,1982,4.99548
Paraguay,PRY,1992,6.12337
Paraguay,PRY,2003,7.06744
Paraguay,PRY,2005,7.52859
Paraguay,PRY,2006,7.27146
Paraguay,PRY,2007,7.33162
Paraguay,PRY,2008,7.50565
Paraguay,PRY,2009,7.27969
Paraguay,PRY,2012,7.83422
Paraguay,PRY,2013,8.33013
Paraguay,PRY,2014,8.31941
Paraguay,PRY,2015,8.59321
Paraguay,PRY,2016,8.38436
Paraguay,PRY,2018,8.64422
Peru,PER,1972,4.78575
Peru,PER,1981,6.57843
Peru,PER,1993,8.4951
Peru,PER,2004,9.17602
Peru,PER,2005,8.66727
Peru,PER,2006,8.83783
Peru,PER,2007,9.13127
Peru,PER,2008,9.13178
Peru,PER,2009,9.17646
Peru,PER,2010,9.77681
Peru,PER,2011,9.70786
Peru,PER,2012,9.90058
Peru,PER,2013,9.91074
Peru,PER,2014,9.75544
Peru,PER,2015,9.58847
Peru,PER,2018,10.25826
Philippines,PHL,1970,5.34329
Philippines,PHL,1975,5.94851
Philippines,PHL,1980,6.55587
Philippines,PHL,1990,7.61686
Philippines,PHL,2000,7.65406
Philippines,PHL,2004,8.85935
Philippines,PHL,2008,8.89073
Philippines,PHL,2010,8.79299
Philippines,PHL,2013,8.97665
Philippines,PHL,2017,8.17013
Poland,POL,1970,7.12184
Poland,POL,1978,8.24659
Poland,POL,1988,9.33089
Poland,POL,2002,11.88489
Poland,POL,2008,12.13035
Poland,POL,2009,12.25588
Poland,POL,2010,12.19445
Poland,POL,2011,12.3995
Poland,POL,2012,12.6284
Poland,POL,2013,12.87709
Poland,POL,2014,12.924
Poland,POL,2016,13.00993
Portugal,PRT,1970,4.03443
Portugal,PRT,1981,4.74086
Portugal,PRT,1991,5.75211
Portugal,PRT,1998,6.82861
Portugal,PRT,1999,6.87954
Portugal,PRT,2000,6.94294
Portugal,PRT,2001,7.01638
Portugal,PRT,2002,7.06127
Portugal,PRT,2003,7.21603
Portugal,PRT,2004,7.44112
Portugal,PRT,2005,7.53491
Portugal,PRT,2006,7.63954
Portugal,PRT,2007,7.65709
Portugal,PRT,2008,7.75789
Portugal,PRT,2009,7.88756
Portugal,PRT,2010,7.96818
Portugal,PRT,2011,8.19719
Portugal,PRT,2012,8.39766
Portugal,PRT,2013,8.52868
Portugal,PRT,2014,8.92471
Portugal,PRT,2015,9.0506
Portugal,PRT,2016,9.16957
Portugal,PRT,2017,9.24818
Portugal,PRT,2018,9.14325
Puerto Rico,PRI,1970,7.23312
Puerto Rico,PRI,1980,9.26836
Puerto Rico,PRI,1990,9.83846
Puerto Rico,PRI,2000,11.44584
Puerto Rico,PRI,2005,12.55194
Puerto Rico,PRI,2006,12.47554
Puerto Rico,PRI,2007,12.64861
Puerto Rico,PRI,2008,12.66769
Puerto Rico,PRI,2011,12.22337
Puerto Rico,PRI,2012,11.99742
Puerto Rico,PRI,2017,12.5477
Qatar,QAT,1986,5.11202
Qatar,QAT,2004,8.0898
Qatar,QAT,2007,9.44452
Qatar,QAT,2008,9.53929
Qatar,QAT,2009,8.98635
Qatar,QAT,2010,8.27114
Qatar,QAT,2011,8.4493
Qatar,QAT,2012,8.91553
Qatar,QAT,2013,9.68853
Qatar,QAT,2014,9.54729
Qatar,QAT,2016,9.34187
Qatar,QAT,2017,9.36681
Romania,ROU,1992,8.87136
Romania,ROU,2002,10.33634
Romania,ROU,2007,11.10729
Romania,ROU,2008,11.14164
Romania,ROU,2009,11.12204
Romania,ROU,2010,11.15124
Romania,ROU,2011,11.24351
Romania,ROU,2012,11.30491
Romania,ROU,2013,11.34327
Romania,ROU,2014,11.35036
Romania,ROU,2015,11.29553
Romania,ROU,2016,11.37379
Romania,ROU,2017,11.40741
Russia,RUS,1989,7.82549
Russia,RUS,2002,11.87666
Russia,RUS,2010,12.41736
Rwanda,RWA,1978,1.58602
Rwanda,RWA,2012,4.35918
Rwanda,RWA,2014,4.63905
Rwanda,RWA,2018,4.82713
Saint Kitts and Nevis,KNA,1970,5.70251
Saint Kitts and Nevis,KNA,1980,7.52472
Saint Lucia,LCA,1970,4.16575
Saint Lucia,LCA,1980,4.87763
Saint Lucia,LCA,1991,8.13744
Saint Lucia,LCA,2010,8.08638
Saint Lucia,LCA,2013,8.10693
Saint Vincent and the Grenadines,VCT,1970,5.62473
Saint Vincent and the Grenadines,VCT,2017,10.75115
Samoa,WSM,1971,6.1881
Samoa,WSM,1976,7.47264
Samoa,WSM,1981,6.41372
Samoa,WSM,2001,10.72114
Samoa,WSM,2011,11.70882
San Marino,SMR,2018,10.64271
Sao Tome and Principe,STP,1981,2.46288
Sao Tome and Principe,STP,2012,6.64523
Saudi Arabia,SAU,2000,7.7687
Saudi Arabia,SAU,2004,8.13089
Saudi Arabia,SAU,2013,10.07565
Saudi Arabia,SAU,2017,10.522
Senegal,SEN,2006,2.13409
Senegal,SEN,2011,3.18303
Senegal,SEN,2013,3.50733
Senegal,SEN,2017,4.1292
Serbia,SRB,2002,8.6192
Serbia,SRB,2008,10.962
Serbia,SRB,2009,10.99737
Serbia,SRB,2010,11.05685
Serbia,SRB,2011,11.14607
Serbia,SRB,2013,11.12466
Serbia,SRB,2014,11.29434
Serbia,SRB,2015,11.50028
Serbia,SRB,2016,11.58726
Serbia,SRB,2017,11.6051
Seychelles,SYC,1971,4.24811
Seychelles,SYC,2002,10.56397
Singapore,SGP,1980,4.64687
Singapore,SGP,1990,8.15242
Singapore,SGP,1995,8.74176
Singapore,SGP,2005,11.1052
Singapore,SGP,2006,10.95215
Singapore,SGP,2007,10.77382
Singapore,SGP,2008,11.05442
Singapore,SGP,2009,11.0731
Singapore,SGP,2010,11.48607
Singapore,SGP,2011,11.5621
Singapore,SGP,2012,11.56835
Singapore,SGP,2013,11.70545
Singapore,SGP,2014,11.7397
Singapore,SGP,2015,12.05142
Singapore,SGP,2016,12.08026
Singapore,SGP,2017,11.86647
Singapore,SGP,2018,12.1125
Slovakia,SVK,1991,8.75823
Slovakia,SVK,2001,9.08187
Slovakia,SVK,2011,12.67099
Slovakia,SVK,2012,12.34188
Slovakia,SVK,2013,12.39742
Slovakia,SVK,2014,12.74915
Slovakia,SVK,2015,12.91114
Slovakia,SVK,2016,12.96461
Slovakia,SVK,2017,13.00435
Slovenia,SVN,1991,8.32153
Slovenia,SVN,2004,12.26287
Slovenia,SVN,2005,12.04995
Slovenia,SVN,2006,12.10922
Slovenia,SVN,2007,11.95211
Slovenia,SVN,2008,12.19149
Slovenia,SVN,2009,12.29423
Slovenia,SVN,2010,12.32188
Slovenia,SVN,2011,12.42724
Slovenia,SVN,2012,12.44009
Slovenia,SVN,2013,12.53809
Slovenia,SVN,2014,12.58913
Slovenia,SVN,2015,12.67688
Slovenia,SVN,2016,12.74032
Slovenia,SVN,2017,12.73979
South Africa,ZAF,1970,4.7489
South Africa,ZAF,1985,5.12964
South Africa,ZAF,2001,7.79846
South Africa,ZAF,2002,8.81993
South Africa,ZAF,2003,9.12175
South Africa,ZAF,2004,9.08542
South Africa,ZAF,2005,9.25529
South Africa,ZAF,2006,9.29938
South Africa,ZAF,2007,9.39277
South Africa,ZAF,2008,9.57903
South Africa,ZAF,2009,9.91347
South Africa,ZAF,2010,9.98352
South Africa,ZAF,2011,9.91481
South Africa,ZAF,2012,10.21029
South Africa,ZAF,2014,10.38341
South Africa,ZAF,2015,10.49304
South Africa,ZAF,2017,10.29088
South Korea,KOR,1970,6.865
South Korea,KOR,1975,8.08151
South Korea,KOR,1980,8.69333
South Korea,KOR,1985,10.70476
South Korea,KOR,1990,10.53159
South Korea,KOR,1995,11.23645
South Korea,KOR,2000,11.65849
South Korea,KOR,2005,12.21027
South Korea,KOR,2009,11.86398
South Korea,KOR,2010,12.45993
South Korea,KOR,2015,12.85294
South Sudan,SSD,2008,6.19289
Spain,ESP,1970,5.20701
Spain,ESP,1981,5.3753
Spain,ESP,1986,5.84543
Spain,ESP,1991,7.48107
Spain,ESP,2004,9.01197
Spain,ESP,2005,9.29435
Spain,ESP,2006,9.38321
Spain,ESP,2007,9.47436
Spain,ESP,2008,9.5209
Spain,ESP,2009,9.55872
Spain,ESP,2010,9.67342
Spain,ESP,2011,9.78125
Spain,ESP,2012,9.78388
Spain,ESP,2014,9.96611
Spain,ESP,2015,10.132
Spain,ESP,2016,10.23251
Spain,ESP,2018,10.34807
Sri Lanka,LKA,1971,5.45855
Sri Lanka,LKA,1981,6.10374
Sri Lanka,LKA,2001,10.40786
Sri Lanka,LKA,2008,10.27356
Sri Lanka,LKA,2009,10.37709
Sri Lanka,LKA,2016,10.5209
Sri Lanka,LKA,2017,10.60633
Sri Lanka,LKA,2018,10.64824
Sudan,SDN,1983,2.1812
Suriname,SUR,2004,8.08189
Suriname,SUR,2012,9.18819
Sweden,SWE,1970,6.76557
Sweden,SWE,1974,9.46754
Sweden,SWE,1979,10.19205
Sweden,SWE,1986,10.33331
Sweden,SWE,1987,10.43812
Sweden,SWE,1988,10.54085
Sweden,SWE,1989,10.64317
Sweden,SWE,1990,10.77871
Sweden,SWE,1991,10.87303
Sweden,SWE,1992,11.05707
Sweden,SWE,1993,11.16349
Sweden,SWE,1994,11.25662
Sweden,SWE,1995,11.37698
Sweden,SWE,2004,12.10305
Sweden,SWE,2005,12.17598
Sweden,SWE,2006,12.23944
Sweden,SWE,2007,12.30293
Sweden,SWE,2008,12.09062
Sweden,SWE,2009,12.15173
Sweden,SWE,2010,12.21067
Sweden,SWE,2011,12.27154
Sweden,SWE,2012,12.32825
Sweden,SWE,2013,12.21796
Sweden,SWE,2014,12.26509
Sweden,SWE,2015,12.30996
Sweden,SWE,2016,12.35439
Sweden,SWE,2017,12.39988
Switzerland,CHE,1980,8.08924
Switzerland,CHE,2009,14.01975
Switzerland,CHE,2010,13.95175
Switzerland,CHE,2011,13.93491
Switzerland,CHE,2012,14.02331
Switzerland,CHE,2014,14.42191
Switzerland,CHE,2015,14.46213
Switzerland,CHE,2016,14.43511
Syria,SYR,1970,2.93101
Syria,SYR,2002,5.34771
Syria,SYR,2007,7.63386
Syria,SYR,2008,7.09987
Syria,SYR,2009,7.35852
Tajikistan,TJK,1989,9.57363
Tajikistan,TJK,2000,11.35808
Tajikistan,TJK,2017,11.92745
Tanzania,TZA,2002,5.05274
Tanzania,TZA,2012,6.09031
Thailand,THA,1970,4.51692
Thailand,THA,1980,4.27065
Thailand,THA,2004,7.60787
Thailand,THA,2006,7.42759
Thailand,THA,2010,7.93442
Thailand,THA,2013,8.15843
Thailand,THA,2016,8.19174
Thailand,THA,2018,8.67013
Togo,TGO,1970,0.91268
Togo,TGO,2009,5.77561
Togo,TGO,2011,5.58121
Tonga,TON,1986,8.0053
Tonga,TON,1996,10.28397
Tonga,TON,2006,10.04664
Tonga,TON,2011,10.95225
Trinidad and Tobago,TTO,1970,5.88844
Trinidad and Tobago,TTO,1980,6.9906
Trinidad and Tobago,TTO,1990,7.39153
Trinidad and Tobago,TTO,2008,10.83943
Trinidad and Tobago,TTO,2009,10.84118
Trinidad and Tobago,TTO,2011,10.51536
Tunisia,TUN,1975,2.02468
Tunisia,TUN,1980,3.11852
Tunisia,TUN,1984,3.7667
Tunisia,TUN,2008,7.47906
Tunisia,TUN,2010,7.73519
Tunisia,TUN,2011,7.93481
Tunisia,TUN,2012,7.77614
Tunisia,TUN,2016,7.99608
Turkey,TUR,1975,3.03759
Turkey,TUR,1980,3.75772
Turkey,TUR,1985,4.9682
Turkey,TUR,2004,7.02712
Turkey,TUR,2005,7.19823
Turkey,TUR,2006,7.29287
Turkey,TUR,2007,7.3522
Turkey,TUR,2008,7.48301
Turkey,TUR,2009,7.65567
Turkey,TUR,2010,8.23551
Turkey,TUR,2011,8.5065
Turkey,TUR,2012,8.6199
Turkey,TUR,2013,8.53178
Turkey,TUR,2014,8.68472
Turkey,TUR,2015,8.83998
Turkey,TUR,2016,8.95451
Turkey,TUR,2017,9.11207
Turkmenistan,TKM,1995,11.45449
Turks and Caicos Islands,TCA,1970,5.96458
Turks and Caicos Islands,TCA,1980,6.60213
Tuvalu,TUV,1991,7.90611
Uganda,UGA,1991,4.6072
Uganda,UGA,2002,5.25151
Uganda,UGA,2008,5.17103
Uganda,UGA,2010,6.27235
Uganda,UGA,2012,6.33898
Ukraine,UKR,1970,6.43404
Ukraine,UKR,2001,11.29624
United Arab Emirates,ARE,1975,3.18804
United Arab Emirates,ARE,2005,8.74556
United Arab Emirates,ARE,2017,12.42786
United Arab Emirates,ARE,2018,12.74428
United Kingdom,GBR,1971,13.26342
United Kingdom,GBR,2009,13.35049
United Kingdom,GBR,2010,13.47053
United Kingdom,GBR,2011,13.46832
United Kingdom,GBR,2012,13.58462
United Kingdom,GBR,2013,12.96427
United Kingdom,GBR,2014,12.98754
United Kingdom,GBR,2017,13.24225
United States,USA,1970,11.23991
United States,USA,1975,12.31801
United States,USA,1979,12.69094
United States,USA,1980,12.68522
United States,USA,1981,12.77537
United States,USA,1994,13.0101
United States,USA,2004,13.06879
United States,USA,2005,13.0492
United States,USA,2006,13.10184
United States,USA,2008,13.18932
United States,USA,2009,13.19872
United States,USA,2010,13.23445
United States,USA,2011,13.30277
United States,USA,2012,13.35173
United States,USA,2013,13.24691
United States,USA,2014,13.25032
United States,USA,2015,13.27818
United States,USA,2016,13.36257
United States,USA,2018,13.70737
Uruguay,URY,1975,5.73925
Uruguay,URY,1985,6.8077
Uruguay,URY,1996,7.34716
Uruguay,URY,2003,8.74712
Uruguay,URY,2006,7.82792
Uruguay,URY,2008,8.19873
Uruguay,URY,2009,8.20331
Uruguay,URY,2010,8.16006
Uruguay,URY,2011,8.19417
Uruguay,URY,2012,8.24717
Uruguay,URY,2013,8.28621
Uruguay,URY,2014,8.35254
Uruguay,URY,2015,8.4088
Uruguay,URY,2016,8.4214
Uruguay,URY,2017,8.55568
Uruguay,URY,2018,8.62677
Uzbekistan,UZB,2013,11.51212
Uzbekistan,UZB,2014,11.57484
Uzbekistan,UZB,2015,11.59185
Uzbekistan,UZB,2016,11.94813
Uzbekistan,UZB,2018,12.00164
Venezuela,VEN,1971,3.60203
Venezuela,VEN,1981,5.72239
Venezuela,VEN,1990,5.54853
Venezuela,VEN,2006,7.43969
Venezuela,VEN,2007,7.87969
Venezuela,VEN,2008,7.99685
Venezuela,VEN,2009,8.08713
Venezuela,VEN,2011,8.59331
Venezuela,VEN,2015,9.2941
Venezuela,VEN,2016,10.01145
Vietnam,VNM,1979,7.55291
Vietnam,VNM,1989,4.60758
Vietnam,VNM,2009,8.18427
Zambia,ZMB,1980,4.65381
Zambia,ZMB,1990,5.77961
Zimbabwe,ZWE,1992,6.71493
Zimbabwe,ZWE,2002,7.80468
Zimbabwe,ZWE,2012,8.30095
Zimbabwe,ZWE,2014,8.97092
Zimbabwe,ZWE,2017,8.923